{
    "unk_semantic": {
        "unk_semantic_0x0": "Albedo",
        "unk_semantic_0x1": "Detail Albedo 1",
        "unk_semantic_0x2": "Detail Albedo 2",
        "unk_semantic_0x3": "Detail Albedo 3",
        "unk_semantic_0x4": "NOG",
        "unk_semantic_0x5": "Detail Normal 1",
        "unk_semantic_0x6": "Detail Normal 2",
        "unk_semantic_0x7": "Detail Normal 3",
        "unk_semantic_0x8": "Emission",
        "unk_semantic_0x9": "Detail Emission 1",
        "unk_semantic_0xA": "Detail Emission 2",
        "unk_semantic_0xB": "Detail Emission 3",
        "unk_semantic_0xC": "Alpha",
        "unk_semantic_0xD": "Detail Alpha 1",
        "unk_semantic_0xE": "Detail Alpha 2",
        "unk_semantic_0xF": "Detail Alpha 3",
        "unk_semantic_0x10": "unknown",
        "unk_semantic_0x11": "unknown",
        "unk_semantic_0x12": "unknown",
        "unk_semantic_0x13": "unknown",
        "unk_semantic_0x1D": "Thermal",
        "unk_semantic_0x1E": "unknown",
        "unk_semantic_0x1F": "unknown",
        "unk_semantic_0x20": "unknown",
        "unk_semantic_0x21": "unknown",
        "unk_semantic_0x22": "Transmission",
        "unk_semantic_0x23": "Detail Transmission 1",
        "unk_semantic_0x24": "Detail Transmission 2",
        "unk_semantic_0x25": "Detail Transmission 3",
        "unk_semantic_0x26": "Mask",
        "unk_semantic_0x27": "unknown",
        "unk_semantic_0x28": "unknown",
        "unk_semantic_0x29": "unknown",
        "unk_semantic_0x32": "Detail Mask",
        "unk_semantic_0x33": "unknown",
        "unk_semantic_0x34": "Blendshape Albedo",
        "unk_semantic_0x35": "Face Extra Normal (Maybe for blendshape?)",
        "unk_semantic_0x3C": "unknown"
    },
    "1x1": {
        "ximage_5c2d1c3e952cb190": "()",
        "ximage_3c29eeff15212c37": "(1,1,1,1)",
        "ximage_18b3d69e4258c738": "(1,1,1,1)",
        "ximage_4a882744bc523875": "(0,0,0,1)"
    },
    "Material Value": {
        "Albedo Tint": "Tint the Albedo Texture",
        "Detail Albedo 1": "Tint the Detail Albedo 1 Texture",
        "Detail Albedo 2": "Tint the Detail Albedo 2 Texture",
        "Detail Albedo 3": "Tint the Detail Albedo 3 Texture"
    }
}
